{"cameraMode":{"drawMode":0,"name":"Shaded","section":"Shading Mode"},"sceneLighting":false,"audioPlay":false,"sceneViewState":{"m_AlwaysRefresh":false,"showFog":true,"showSkybox":false,"showFlares":true,"showImageEffects":true,"showParticleSystems":true,"showVisualEffectGraphs":true,"m_FxEnabled":true},"in2DMode":false,"pivot":{"x":1.5007545948028565,"y":-0.042499374598264697,"z":-17.787126541137697},"rotation":{"x":0.26882293820381167,"y":-0.5854842662811279,"z":0.21438264846801759,"w":0.7341657876968384},"size":3.951591968536377,"orthographic":false}