{"cameraMode":{"drawMode":0,"name":"Shaded","section":"Shading Mode"},"sceneLighting":false,"audioPlay":false,"sceneViewState":{"m_AlwaysRefresh":false,"showFog":true,"showSkybox":false,"showFlares":true,"showImageEffects":true,"showParticleSystems":true,"showVisualEffectGraphs":true,"m_FxEnabled":true},"in2DMode":false,"pivot":{"x":0.5366919040679932,"y":-1.0064923763275147,"z":5.923456192016602},"rotation":{"x":0.22580651938915254,"y":0.5361950993537903,"z":-0.15151745080947877,"w":0.7990925312042236},"size":2.5806469917297365,"orthographic":false}